{
    "version": 330,
    "tasks": [
        {
            "name": "1：",
            "progresses": [
                {
                    "name": "",
                    "completed": false,
                    "assignee": "",
                    "完成时间": "",
                    "领取时间": ""
                },
                {
                    "name": "",
                    "completed": false,
                    "assignee": "",
                    "完成时间": "",
                    "领取时间": ""
                },
                {
                    "name": "",
                    "completed": false,
                    "assignee": "",
                    "完成时间": "",
                    "领取时间": ""
                },
                {
                    "name": "",
                    "completed": false,
                    "assignee": "",
                    "完成时间": "",
                    "领取时间": ""
                }
            ]
        },
        {
            "name": "2：",
            "progresses": [
                {
                    "name": "",
                    "completed": false,
                    "assignee": "",
                    "完成时间": "",
                    "领取时间": ""
                },
                {
                    "name": "",
                    "completed": false,
                    "assignee": "",
                    "完成时间": "",
                    "领取时间": ""
                },
                {
                    "name": "",
                    "completed": false,
                    "assignee": "",
                    "完成时间": "",
                    "领取时间": ""
                },
                {
                    "name": "",
                    "completed": false,
                    "assignee": "",
                    "完成时间": "",
                    "领取时间": ""
                }
            ]
        }
    ],
    "systemTitle": "WFS听打任务领取系统"
}